CustomerID,TerritoryID,AccountNumber,CustomerType,rowguid,ModifiedDate
1,1,AW00000001,S,...,"2004-10-13 11:15:07"
2,1,AW00000002,S,...,"2004-10-13 11:15:07"
3,4,AW00000003,S,...,"2004-10-13 11:15:07"
4,4,AW00000004,S,...,"2004-10-13 11:15:07"
5,4,AW00000005,S,...,"2004-10-13 11:15:07"
6,4,AW00000006,S,...,"2004-10-13 11:15:07"
7,1,AW00000007,S,...,"2004-10-13 11:15:07"
8,5,AW00000008,S,...,"2004-10-13 11:15:07"
9,5,AW00000009,S,...,"2004-10-13 11:15:07"
10,6,AW00000010,S,...,"2004-10-13 11:15:07"
11,6,AW00000011,S,...,"2004-10-13 11:15:07"
12,6,AW00000012,S,...,"2004-10-13 11:15:07"
13,7,AW00000013,S,...,"2004-10-13 11:15:07"
14,8,AW00000014,S,...,"2004-10-13 11:15:07"
15,9,AW00000015,S,...,"2004-10-13 11:15:07"
16,10,AW00000016,S,...,"2004-10-13 11:15:07"
17,5,AW00000017,S,...,"2004-10-13 11:15:07"
18,3,AW00000018,S,...,"2004-10-13 11:15:07"
19,1,AW00000019,S,...,"2004-10-13 11:15:07"
20,1,AW00000020,S,...,"2004-10-13 11:15:07"
21,4,AW00000021,S,...,"2004-10-13 11:15:07"
22,3,AW00000022,S,...,"2004-10-13 11:15:07"
23,4,AW00000023,S,...,"2004-10-13 11:15:07"
24,4,AW00000024,S,...,"2004-10-13 11:15:07"
25,4,AW00000025,S,...,"2004-10-13 11:15:07"
26,5,AW00000026,S,...,"2004-10-13 11:15:07"
27,5,AW00000027,S,...,"2004-10-13 11:15:07"
28,6,AW00000028,S,...,"2004-10-13 11:15:07"
29,6,AW00000029,S,...,"2004-10-13 11:15:07"
30,6,AW00000030,S,...,"2004-10-13 11:15:07"
31,7,AW00000031,S,...,"2004-10-13 11:15:07"
32,8,AW00000032,S,...,"2004-10-13 11:15:07"
33,9,AW00000033,S,...,"2004-10-13 11:15:07"
34,10,AW00000034,S,...,"2004-10-13 11:15:07"
35,2,AW00000035,S,...,"2004-10-13 11:15:07"
36,2,AW00000036,S,...,"2004-10-13 11:15:07"
37,1,AW00000037,S,...,"2004-10-13 11:15:07"
38,1,AW00000038,S,...,"2004-10-13 11:15:07"
39,3,AW00000039,S,...,"2004-10-13 11:15:07"
40,4,AW00000040,S,...,"2004-10-13 11:15:07"
41,4,AW00000041,S,...,"2004-10-13 11:15:07"
42,4,AW00000042,S,...,"2004-10-13 11:15:07"
43,1,AW00000043,S,...,"2004-10-13 11:15:07"
44,5,AW00000044,S,...,"2004-10-13 11:15:07"
45,5,AW00000045,S,...,"2004-10-13 11:15:07"
46,6,AW00000046,S,...,"2004-10-13 11:15:07"
47,6,AW00000047,S,...,"2004-10-13 11:15:07"
48,6,AW00000048,S,...,"2004-10-13 11:15:07"
49,7,AW00000049,S,...,"2004-10-13 11:15:07"
50,8,AW00000050,S,...,"2004-10-13 11:15:07"
51,9,AW00000051,S,...,"2004-10-13 11:15:07"
52,10,AW00000052,S,...,"2004-10-13 11:15:07"
53,2,AW00000053,S,...,"2004-10-13 11:15:07"
54,2,AW00000054,S,...,"2004-10-13 11:15:07"
55,1,AW00000055,S,...,"2004-10-13 11:15:07"
56,1,AW00000056,S,...,"2004-10-13 11:15:07"
57,3,AW00000057,S,...,"2004-10-13 11:15:07"
58,3,AW00000058,S,...,"2004-10-13 11:15:07"
59,4,AW00000059,S,...,"2004-10-13 11:15:07"
60,4,AW00000060,S,...,"2004-10-13 11:15:07"
61,4,AW00000061,S,...,"2004-10-13 11:15:07"
62,5,AW00000062,S,...,"2004-10-13 11:15:07"
63,5,AW00000063,S,...,"2004-10-13 11:15:07"
64,6,AW00000064,S,...,"2004-10-13 11:15:07"
65,6,AW00000065,S,...,"2004-10-13 11:15:07"
66,6,AW00000066,S,...,"2004-10-13 11:15:07"
67,7,AW00000067,S,...,"2004-10-13 11:15:07"
68,8,AW00000068,S,...,"2004-10-13 11:15:07"
69,9,AW00000069,S,...,"2004-10-13 11:15:07"
70,10,AW00000070,S,...,"2004-10-13 11:15:07"
71,2,AW00000071,S,...,"2004-10-13 11:15:07"
72,2,AW00000072,S,...,"2004-10-13 11:15:07"
73,1,AW00000073,S,...,"2004-10-13 11:15:07"
74,1,AW00000074,S,...,"2004-10-13 11:15:07"
75,4,AW00000075,S,...,"2004-10-13 11:15:07"
76,3,AW00000076,S,...,"2004-10-13 11:15:07"
77,4,AW00000077,S,...,"2004-10-13 11:15:07"
78,4,AW00000078,S,...,"2004-10-13 11:15:07"
79,3,AW00000079,S,...,"2004-10-13 11:15:07"
80,5,AW00000080,S,...,"2004-10-13 11:15:07"
81,5,AW00000081,S,...,"2004-10-13 11:15:07"
82,6,AW00000082,S,...,"2004-10-13 11:15:07"
83,6,AW00000083,S,...,"2004-10-13 11:15:07"
84,6,AW00000084,S,...,"2004-10-13 11:15:07"
85,7,AW00000085,S,...,"2004-10-13 11:15:07"
86,8,AW00000086,S,...,"2004-10-13 11:15:07"
87,9,AW00000087,S,...,"2004-10-13 11:15:07"
88,10,AW00000088,S,...,"2004-10-13 11:15:07"
89,2,AW00000089,S,...,"2004-10-13 11:15:07"
90,5,AW00000090,S,...,"2004-10-13 11:15:07"
91,1,AW00000091,S,...,"2004-10-13 11:15:07"
92,1,AW00000092,S,...,"2004-10-13 11:15:07"
93,4,AW00000093,S,...,"2004-10-13 11:15:07"
94,4,AW00000094,S,...,"2004-10-13 11:15:07"
95,4,AW00000095,S,...,"2004-10-13 11:15:07"
96,4,AW00000096,S,...,"2004-10-13 11:15:07"
97,4,AW00000097,S,...,"2004-10-13 11:15:07"
98,5,AW00000098,S,...,"2004-10-13 11:15:07"
99,5,AW00000099,S,...,"2004-10-13 11:15:07"
100,6,AW00000100,S,...,"2004-10-13 11:15:07"
101,6,AW00000101,S,...,"2004-10-13 11:15:07"
102,6,AW00000102,S,...,"2004-10-13 11:15:07"
103,7,AW00000103,S,...,"2004-10-13 11:15:07"
104,8,AW00000104,S,...,"2004-10-13 11:15:07"
105,9,AW00000105,S,...,"2004-10-13 11:15:07"
106,10,AW00000106,S,...,"2004-10-13 11:15:07"
107,2,AW00000107,S,...,"2004-10-13 11:15:07"
108,2,AW00000108,S,...,"2004-10-13 11:15:07"
109,1,AW00000109,S,...,"2004-10-13 11:15:07"
110,1,AW00000110,S,...,"2004-10-13 11:15:07"
111,3,AW00000111,S,...,"2004-10-13 11:15:07"
112,4,AW00000112,S,...,"2004-10-13 11:15:07"
113,4,AW00000113,S,...,"2004-10-13 11:15:07"
114,4,AW00000114,S,...,"2004-10-13 11:15:07"
115,1,AW00000115,S,...,"2004-10-13 11:15:07"
116,5,AW00000116,S,...,"2004-10-13 11:15:07"
117,5,AW00000117,S,...,"2004-10-13 11:15:07"
118,6,AW00000118,S,...,"2004-10-13 11:15:07"
119,6,AW00000119,S,...,"2004-10-13 11:15:07"
120,6,AW00000120,S,...,"2004-10-13 11:15:07"
121,7,AW00000121,S,...,"2004-10-13 11:15:07"
122,8,AW00000122,S,...,"2004-10-13 11:15:07"
123,9,AW00000123,S,...,"2004-10-13 11:15:07"
124,10,AW00000124,S,...,"2004-10-13 11:15:07"
125,2,AW00000125,S,...,"2004-10-13 11:15:07"
126,2,AW00000126,S,...,"2004-10-13 11:15:07"
127,1,AW00000127,S,...,"2004-10-13 11:15:07"
128,1,AW00000128,S,...,"2004-10-13 11:15:07"
129,3,AW00000129,S,...,"2004-10-13 11:15:07"
130,4,AW00000130,S,...,"2004-10-13 11:15:07"
131,4,AW00000131,S,...,"2004-10-13 11:15:07"
132,3,AW00000132,S,...,"2004-10-13 11:15:07"
133,4,AW00000133,S,...,"2004-10-13 11:15:07"
134,5,AW00000134,S,...,"2004-10-13 11:15:07"
135,5,AW00000135,S,...,"2004-10-13 11:15:07"
136,6,AW00000136,S,...,"2004-10-13 11:15:07"
137,6,AW00000137,S,...,"2004-10-13 11:15:07"
138,6,AW00000138,S,...,"2004-10-13 11:15:07"
139,7,AW00000139,S,...,"2004-10-13 11:15:07"
140,8,AW00000140,S,...,"2004-10-13 11:15:07"
141,9,AW00000141,S,...,"2004-10-13 11:15:07"
142,10,AW00000142,S,...,"2004-10-13 11:15:07"
143,2,AW00000143,S,...,"2004-10-13 11:15:07"
144,2,AW00000144,S,...,"2004-10-13 11:15:07"
145,1,AW00000145,S,...,"2004-10-13 11:15:07"
146,1,AW00000146,S,...,"2004-10-13 11:15:07"
147,3,AW00000147,S,...,"2004-10-13 11:15:07"
148,3,AW00000148,S,...,"2004-10-13 11:15:07"
149,3,AW00000149,S,...,"2004-10-13 11:15:07"
150,4,AW00000150,S,...,"2004-10-13 11:15:07"
151,4,AW00000151,S,...,"2004-10-13 11:15:07"
152,5,AW00000152,S,...,"2004-10-13 11:15:07"
153,5,AW00000153,S,...,"2004-10-13 11:15:07"
154,6,AW00000154,S,...,"2004-10-13 11:15:07"
155,6,AW00000155,S,...,"2004-10-13 11:15:07"
156,6,AW00000156,S,...,"2004-10-13 11:15:07"
157,7,AW00000157,S,...,"2004-10-13 11:15:07"
158,8,AW00000158,S,...,"2004-10-13 11:15:07"
159,9,AW00000159,S,...,"2004-10-13 11:15:07"
160,10,AW00000160,S,...,"2004-10-13 11:15:07"
161,2,AW00000161,S,...,"2004-10-13 11:15:07"
162,2,AW00000162,S,...,"2004-10-13 11:15:07"
163,1,AW00000163,S,...,"2004-10-13 11:15:07"
164,1,AW00000164,S,...,"2004-10-13 11:15:07"
165,4,AW00000165,S,...,"2004-10-13 11:15:07"
166,4,AW00000166,S,...,"2004-10-13 11:15:07"
167,4,AW00000167,S,...,"2004-10-13 11:15:07"
168,4,AW00000168,S,...,"2004-10-13 11:15:07"
169,1,AW00000169,S,...,"2004-10-13 11:15:07"
170,5,AW00000170,S,...,"2004-10-13 11:15:07"
171,5,AW00000171,S,...,"2004-10-13 11:15:07"
172,6,AW00000172,S,...,"2004-10-13 11:15:07"
173,6,AW00000173,S,...,"2004-10-13 11:15:07"
174,6,AW00000174,S,...,"2004-10-13 11:15:07"
175,7,AW00000175,S,...,"2004-10-13 11:15:07"
176,8,AW00000176,S,...,"2004-10-13 11:15:07"
177,9,AW00000177,S,...,"2004-10-13 11:15:07"
178,10,AW00000178,S,...,"2004-10-13 11:15:07"
179,2,AW00000179,S,...,"2004-10-13 11:15:07"
180,3,AW00000180,S,...,"2004-10-13 11:15:07"
181,1,AW00000181,S,...,"2004-10-13 11:15:07"
182,1,AW00000182,S,...,"2004-10-13 11:15:07"
183,3,AW00000183,S,...,"2004-10-13 11:15:07"
184,4,AW00000184,S,...,"2004-10-13 11:15:07"
185,4,AW00000185,S,...,"2004-10-13 11:15:07"
186,4,AW00000186,S,...,"2004-10-13 11:15:07"
187,4,AW00000187,S,...,"2004-10-13 11:15:07"
188,5,AW00000188,S,...,"2004-10-13 11:15:07"
189,5,AW00000189,S,...,"2004-10-13 11:15:07"
190,6,AW00000190,S,...,"2004-10-13 11:15:07"
191,6,AW00000191,S,...,"2004-10-13 11:15:07"
192,6,AW00000192,S,...,"2004-10-13 11:15:07"
193,7,AW00000193,S,...,"2004-10-13 11:15:07"
194,8,AW00000194,S,...,"2004-10-13 11:15:07"
195,9,AW00000195,S,...,"2004-10-13 11:15:07"
196,10,AW00000196,S,...,"2004-10-13 11:15:07"
197,3,AW00000197,S,...,"2004-10-13 11:15:07"
198,3,AW00000198,S,...,"2004-10-13 11:15:07"
199,1,AW00000199,S,...,"2004-10-13 11:15:07"
200,1,AW00000200,S,...,"2004-10-13 11:15:07"
201,4,AW00000201,S,...,"2004-10-13 11:15:07"
202,4,AW00000202,S,...,"2004-10-13 11:15:07"
203,4,AW00000203,S,...,"2004-10-13 11:15:07"
204,4,AW00000204,S,...,"2004-10-13 11:15:07"
205,4,AW00000205,S,...,"2004-10-13 11:15:07"
206,5,AW00000206,S,...,"2004-10-13 11:15:07"
207,5,AW00000207,S,...,"2004-10-13 11:15:07"
208,6,AW00000208,S,...,"2004-10-13 11:15:07"
209,6,AW00000209,S,...,"2004-10-13 11:15:07"
210,6,AW00000210,S,...,"2004-10-13 11:15:07"
211,7,AW00000211,S,...,"2004-10-13 11:15:07"
212,8,AW00000212,S,...,"2004-10-13 11:15:07"
213,9,AW00000213,S,...,"2004-10-13 11:15:07"
214,10,AW00000214,S,...,"2004-10-13 11:15:07"
215,2,AW00000215,S,...,"2004-10-13 11:15:07"
216,2,AW00000216,S,...,"2004-10-13 11:15:07"
217,1,AW00000217,S,...,"2004-10-13 11:15:07"
218,1,AW00000218,S,...,"2004-10-13 11:15:07"
219,3,AW00000219,S,...,"2004-10-13 11:15:07"
220,3,AW00000220,S,...,"2004-10-13 11:15:07"
221,4,AW00000221,S,...,"2004-10-13 11:15:07"
222,3,AW00000222,S,...,"2004-10-13 11:15:07"
223,3,AW00000223,S,...,"2004-10-13 11:15:07"
224,5,AW00000224,S,...,"2004-10-13 11:15:07"
225,5,AW00000225,S,...,"2004-10-13 11:15:07"
226,6,AW00000226,S,...,"2004-10-13 11:15:07"
227,6,AW00000227,S,...,"2004-10-13 11:15:07"
228,6,AW00000228,S,...,"2004-10-13 11:15:07"
229,7,AW00000229,S,...,"2004-10-13 11:15:07"
230,8,AW00000230,S,...,"2004-10-13 11:15:07"
231,9,AW00000231,S,...,"2004-10-13 11:15:07"
232,10,AW00000232,S,...,"2004-10-13 11:15:07"
233,2,AW00000233,S,...,"2004-10-13 11:15:07"
234,2,AW00000234,S,...,"2004-10-13 11:15:07"
235,1,AW00000235,S,...,"2004-10-13 11:15:07"
236,1,AW00000236,S,...,"2004-10-13 11:15:07"
237,3,AW00000237,S,...,"2004-10-13 11:15:07"
238,3,AW00000238,S,...,"2004-10-13 11:15:07"
239,4,AW00000239,S,...,"2004-10-13 11:15:07"
240,4,AW00000240,S,...,"2004-10-13 11:15:07"
241,4,AW00000241,S,...,"2004-10-13 11:15:07"
242,5,AW00000242,S,...,"2004-10-13 11:15:07"
243,5,AW00000243,S,...,"2004-10-13 11:15:07"
244,6,AW00000244,S,...,"2004-10-13 11:15:07"
245,6,AW00000245,S,...,"2004-10-13 11:15:07"
246,6,AW00000246,S,...,"2004-10-13 11:15:07"
247,7,AW00000247,S,...,"2004-10-13 11:15:07"
248,8,AW00000248,S,...,"2004-10-13 11:15:07"
249,9,AW00000249,S,...,"2004-10-13 11:15:07"
250,10,AW00000250,S,...,"2004-10-13 11:15:07"
251,2,AW00000251,S,...,"2004-10-13 11:15:07"
252,2,AW00000252,S,...,"2004-10-13 11:15:07"
253,1,AW00000253,S,...,"2004-10-13 11:15:07"
254,1,AW00000254,S,...,"2004-10-13 11:15:07"
255,4,AW00000255,S,...,"2004-10-13 11:15:07"
256,4,AW00000256,S,...,"2004-10-13 11:15:07"
257,4,AW00000257,S,...,"2004-10-13 11:15:07"
258,4,AW00000258,S,...,"2004-10-13 11:15:07"
259,4,AW00000259,S,...,"2004-10-13 11:15:07"
260,5,AW00000260,S,...,"2004-10-13 11:15:07"
261,5,AW00000261,S,...,"2004-10-13 11:15:07"
262,6,AW00000262,S,...,"2004-10-13 11:15:07"
263,6,AW00000263,S,...,"2004-10-13 11:15:07"
264,6,AW00000264,S,...,"2004-10-13 11:15:07"
265,7,AW00000265,S,...,"2004-10-13 11:15:07"
266,8,AW00000266,S,...,"2004-10-13 11:15:07"
267,9,AW00000267,S,...,"2004-10-13 11:15:07"
268,10,AW00000268,S,...,"2004-10-13 11:15:07"
269,2,AW00000269,S,...,"2004-10-13 11:15:07"
270,2,AW00000270,S,...,"2004-10-13 11:15:07"
271,1,AW00000271,S,...,"2004-10-13 11:15:07"
272,1,AW00000272,S,...,"2004-10-13 11:15:07"
273,4,AW00000273,S,...,"2004-10-13 11:15:07"
274,3,AW00000274,S,...,"2004-10-13 11:15:07"
275,4,AW00000275,S,...,"2004-10-13 11:15:07"
276,4,AW00000276,S,...,"2004-10-13 11:15:07"
277,4,AW00000277,S,...,"2004-10-13 11:15:07"
278,5,AW00000278,S,...,"2004-10-13 11:15:07"
279,5,AW00000279,S,...,"2004-10-13 11:15:07"
280,6,AW00000280,S,...,"2004-10-13 11:15:07"
281,6,AW00000281,S,...,"2004-10-13 11:15:07"
282,6,AW00000282,S,...,"2004-10-13 11:15:07"
283,7,AW00000283,S,...,"2004-10-13 11:15:07"
284,8,AW00000284,S,...,"2004-10-13 11:15:07"
285,9,AW00000285,S,...,"2004-10-13 11:15:07"
286,10,AW00000286,S,...,"2004-10-13 11:15:07"
287,3,AW00000287,S,...,"2004-10-13 11:15:07"
288,3,AW00000288,S,...,"2004-10-13 11:15:07"
289,1,AW00000289,S,...,"2004-10-13 11:15:07"
290,1,AW00000290,S,...,"2004-10-13 11:15:07"
291,4,AW00000291,S,...,"2004-10-13 11:15:07"
292,4,AW00000292,S,...,"2004-10-13 11:15:07"
293,1,AW00000293,S,...,"2004-10-13 11:15:07"
294,4,AW00000294,S,...,"2004-10-13 11:15:07"
295,4,AW00000295,S,...,"2004-10-13 11:15:07"
296,5,AW00000296,S,...,"2004-10-13 11:15:07"
297,5,AW00000297,S,...,"2004-10-13 11:15:07"
298,6,AW00000298,S,...,"2004-10-13 11:15:07"
299,6,AW00000299,S,...,"2004-10-13 11:15:07"
300,6,AW00000300,S,...,"2004-10-13 11:15:07"
301,7,AW00000301,S,...,"2004-10-13 11:15:07"
302,8,AW00000302,S,...,"2004-10-13 11:15:07"
303,9,AW00000303,S,...,"2004-10-13 11:15:07"
304,10,AW00000304,S,...,"2004-10-13 11:15:07"
305,2,AW00000305,S,...,"2004-10-13 11:15:07"
306,3,AW00000306,S,...,"2004-10-13 11:15:07"
307,1,AW00000307,S,...,"2004-10-13 11:15:07"
308,1,AW00000308,S,...,"2004-10-13 11:15:07"
309,4,AW00000309,S,...,"2004-10-13 11:15:07"
310,3,AW00000310,S,...,"2004-10-13 11:15:07"
311,4,AW00000311,S,...,"2004-10-13 11:15:07"
312,4,AW00000312,S,...,"2004-10-13 11:15:07"
313,4,AW00000313,S,...,"2004-10-13 11:15:07"
314,5,AW00000314,S,...,"2004-10-13 11:15:07"
315,5,AW00000315,S,...,"2004-10-13 11:15:07"
316,6,AW00000316,S,...,"2004-10-13 11:15:07"
317,6,AW00000317,S,...,"2004-10-13 11:15:07"
318,6,AW00000318,S,...,"2004-10-13 11:15:07"
319,7,AW00000319,S,...,"2004-10-13 11:15:07"
320,8,AW00000320,S,...,"2004-10-13 11:15:07"
321,9,AW00000321,S,...,"2004-10-13 11:15:07"
322,10,AW00000322,S,...,"2004-10-13 11:15:07"
323,3,AW00000323,S,...,"2004-10-13 11:15:07"
324,2,AW00000324,S,...,"2004-10-13 11:15:07"
325,1,AW00000325,S,...,"2004-10-13 11:15:07"
326,1,AW00000326,S,...,"2004-10-13 11:15:07"
327,3,AW00000327,S,...,"2004-10-13 11:15:07"
328,4,AW00000328,S,...,"2004-10-13 11:15:07"
329,4,AW00000329,S,...,"2004-10-13 11:15:07"
330,4,AW00000330,S,...,"2004-10-13 11:15:07"
331,4,AW00000331,S,...,"2004-10-13 11:15:07"
332,5,AW00000332,S,...,"2004-10-13 11:15:07"
333,5,AW00000333,S,...,"2004-10-13 11:15:07"
334,6,AW00000334,S,...,"2004-10-13 11:15:07"
335,6,AW00000335,S,...,"2004-10-13 11:15:07"
336,6,AW00000336,S,...,"2004-10-13 11:15:07"
337,7,AW00000337,S,...,"2004-10-13 11:15:07"
338,8,AW00000338,S,...,"2004-10-13 11:15:07"
339,9,AW00000339,S,...,"2004-10-13 11:15:07"
340,10,AW00000340,S,...,"2004-10-13 11:15:07"
341,2,AW00000341,S,...,"2004-10-13 11:15:07"
342,2,AW00000342,S,...,"2004-10-13 11:15:07"
343,1,AW00000343,S,...,"2004-10-13 11:15:07"
344,1,AW00000344,S,...,"2004-10-13 11:15:07"
345,4,AW00000345,S,...,"2004-10-13 11:15:07"
346,3,AW00000346,S,...,"2004-10-13 11:15:07"
347,4,AW00000347,S,...,"2004-10-13 11:15:07"
348,3,AW00000348,S,...,"2004-10-13 11:15:07"
349,4,AW00000349,S,...,"2004-10-13 11:15:07"
350,5,AW00000350,S,...,"2004-10-13 11:15:07"
351,5,AW00000351,S,...,"2004-10-13 11:15:07"
352,6,AW00000352,S,...,"2004-10-13 11:15:07"
353,6,AW00000353,S,...,"2004-10-13 11:15:07"
354,6,AW00000354,S,...,"2004-10-13 11:15:07"
355,7,AW00000355,S,...,"2004-10-13 11:15:07"
356,8,AW00000356,S,...,"2004-10-13 11:15:07"
357,9,AW00000357,S,...,"2004-10-13 11:15:07"
358,10,AW00000358,S,...,"2004-10-13 11:15:07"
359,2,AW00000359,S,...,"2004-10-13 11:15:07"
360,3,AW00000360,S,...,"2004-10-13 11:15:07"
361,1,AW00000361,S,...,"2004-10-13 11:15:07"
362,1,AW00000362,S,...,"2004-10-13 11:15:07"
363,3,AW00000363,S,...,"2004-10-13 11:15:07"
364,3,AW00000364,S,...,"2004-10-13 11:15:07"
365,4,AW00000365,S,...,"2004-10-13 11:15:07"
366,4,AW00000366,S,...,"2004-10-13 11:15:07"
367,4,AW00000367,S,...,"2004-10-13 11:15:07"
368,5,AW00000368,S,...,"2004-10-13 11:15:07"
369,5,AW00000369,S,...,"2004-10-13 11:15:07"
370,6,AW00000370,S,...,"2004-10-13 11:15:07"
371,6,AW00000371,S,...,"2004-10-13 11:15:07"
372,6,AW00000372,S,...,"2004-10-13 11:15:07"
373,7,AW00000373,S,...,"2004-10-13 11:15:07"
374,8,AW00000374,S,...,"2004-10-13 11:15:07"
375,9,AW00000375,S,...,"2004-10-13 11:15:07"
376,10,AW00000376,S,...,"2004-10-13 11:15:07"
377,3,AW00000377,S,...,"2004-10-13 11:15:07"
378,2,AW00000378,S,...,"2004-10-13 11:15:07"
379,1,AW00000379,S,...,"2004-10-13 11:15:07"
380,1,AW00000380,S,...,"2004-10-13 11:15:07"
381,3,AW00000381,S,...,"2004-10-13 11:15:07"
382,4,AW00000382,S,...,"2004-10-13 11:15:07"
383,4,AW00000383,S,...,"2004-10-13 11:15:07"
384,4,AW00000384,S,...,"2004-10-13 11:15:07"
385,4,AW00000385,S,...,"2004-10-13 11:15:07"
386,5,AW00000386,S,...,"2004-10-13 11:15:07"
387,5,AW00000387,S,...,"2004-10-13 11:15:07"
388,6,AW00000388,S,...,"2004-10-13 11:15:07"
389,6,AW00000389,S,...,"2004-10-13 11:15:07"
390,6,AW00000390,S,...,"2004-10-13 11:15:07"
391,7,AW00000391,S,...,"2004-10-13 11:15:07"
392,8,AW00000392,S,...,"2004-10-13 11:15:07"
393,9,AW00000393,S,...,"2004-10-13 11:15:07"
394,10,AW00000394,S,...,"2004-10-13 11:15:07"
395,3,AW00000395,S,...,"2004-10-13 11:15:07"
396,2,AW00000396,S,...,"2004-10-13 11:15:07"
397,1,AW00000397,S,...,"2004-10-13 11:15:07"
398,1,AW00000398,S,...,"2004-10-13 11:15:07"
399,4,AW00000399,S,...,"2004-10-13 11:15:07"
400,3,AW00000400,S,...,"2004-10-13 11:15:07"
401,1,AW00000401,S,...,"2004-10-13 11:15:07"
402,4,AW00000402,S,...,"2004-10-13 11:15:07"
403,4,AW00000403,S,...,"2004-10-13 11:15:07"
404,5,AW00000404,S,...,"2004-10-13 11:15:07"
405,5,AW00000405,S,...,"2004-10-13 11:15:07"
406,6,AW00000406,S,...,"2004-10-13 11:15:07"
407,6,AW00000407,S,...,"2004-10-13 11:15:07"
408,6,AW00000408,S,...,"2004-10-13 11:15:07"
409,7,AW00000409,S,...,"2004-10-13 11:15:07"
410,8,AW00000410,S,...,"2004-10-13 11:15:07"
411,9,AW00000411,S,...,"2004-10-13 11:15:07"
412,10,AW00000412,S,...,"2004-10-13 11:15:07"
413,2,AW00000413,S,...,"2004-10-13 11:15:07"
414,2,AW00000414,S,...,"2004-10-13 11:15:07"
415,1,AW00000415,S,...,"2004-10-13 11:15:07"
416,1,AW00000416,S,...,"2004-10-13 11:15:07"
417,4,AW00000417,S,...,"2004-10-13 11:15:07"
418,3,AW00000418,S,...,"2004-10-13 11:15:07"
419,4,AW00000419,S,...,"2004-10-13 11:15:07"
420,4,AW00000420,S,...,"2004-10-13 11:15:07"
421,4,AW00000421,S,...,"2004-10-13 11:15:07"
422,5,AW00000422,S,...,"2004-10-13 11:15:07"
423,5,AW00000423,S,...,"2004-10-13 11:15:07"
424,6,AW00000424,S,...,"2004-10-13 11:15:07"
425,6,AW00000425,S,...,"2004-10-13 11:15:07"
426,6,AW00000426,S,...,"2004-10-13 11:15:07"
427,7,AW00000427,S,...,"2004-10-13 11:15:07"
428,8,AW00000428,S,...,"2004-10-13 11:15:07"
429,9,AW00000429,S,...,"2004-10-13 11:15:07"
430,10,AW00000430,S,...,"2004-10-13 11:15:07"
431,3,AW00000431,S,...,"2004-10-13 11:15:07"
432,2,AW00000432,S,...,"2004-10-13 11:15:07"
433,1,AW00000433,S,...,"2004-10-13 11:15:07"
434,1,AW00000434,S,...,"2004-10-13 11:15:07"
435,4,AW00000435,S,...,"2004-10-13 11:15:07"
436,4,AW00000436,S,...,"2004-10-13 11:15:07"
437,4,AW00000437,S,...,"2004-10-13 11:15:07"
438,1,AW00000438,S,...,"2004-10-13 11:15:07"
439,4,AW00000439,S,...,"2004-10-13 11:15:07"
440,5,AW00000440,S,...,"2004-10-13 11:15:07"
441,5,AW00000441,S,...,"2004-10-13 11:15:07"
442,6,AW00000442,S,...,"2004-10-13 11:15:07"
443,6,AW00000443,S,...,"2004-10-13 11:15:07"
444,6,AW00000444,S,...,"2004-10-13 11:15:07"
445,7,AW00000445,S,...,"2004-10-13 11:15:07"
446,8,AW00000446,S,...,"2004-10-13 11:15:07"
447,9,AW00000447,S,...,"2004-10-13 11:15:07"
448,10,AW00000448,S,...,"2004-10-13 11:15:07"
449,5,AW00000449,S,...,"2004-10-13 11:15:07"
450,2,AW00000450,S,...,"2004-10-13 11:15:07"
451,1,AW00000451,S,...,"2004-10-13 11:15:07"
452,1,AW00000452,S,...,"2004-10-13 11:15:07"
453,3,AW00000453,S,...,"2004-10-13 11:15:07"
454,3,AW00000454,S,...,"2004-10-13 11:15:07"
455,4,AW00000455,S,...,"2004-10-13 11:15:07"
456,4,AW00000456,S,...,"2004-10-13 11:15:07"
457,4,AW00000457,S,...,"2004-10-13 11:15:07"
458,5,AW00000458,S,...,"2004-10-13 11:15:07"
459,5,AW00000459,S,...,"2004-10-13 11:15:07"
460,6,AW00000460,S,...,"2004-10-13 11:15:07"
461,6,AW00000461,S,...,"2004-10-13 11:15:07"
462,6,AW00000462,S,...,"2004-10-13 11:15:07"
463,7,AW00000463,S,...,"2004-10-13 11:15:07"
464,8,AW00000464,S,...,"2004-10-13 11:15:07"
465,9,AW00000465,S,...,"2004-10-13 11:15:07"
466,10,AW00000466,S,...,"2004-10-13 11:15:07"
467,5,AW00000467,S,...,"2004-10-13 11:15:07"
468,3,AW00000468,S,...,"2004-10-13 11:15:07"
469,1,AW00000469,S,...,"2004-10-13 11:15:07"
470,1,AW00000470,S,...,"2004-10-13 11:15:07"
471,4,AW00000471,S,...,"2004-10-13 11:15:07"
472,3,AW00000472,S,...,"2004-10-13 11:15:07"
473,4,AW00000473,S,...,"2004-10-13 11:15:07"
474,4,AW00000474,S,...,"2004-10-13 11:15:07"
475,4,AW00000475,S,...,"2004-10-13 11:15:07"
476,5,AW00000476,S,...,"2004-10-13 11:15:07"
477,5,AW00000477,S,...,"2004-10-13 11:15:07"
478,6,AW00000478,S,...,"2004-10-13 11:15:07"
479,6,AW00000479,S,...,"2004-10-13 11:15:07"
480,6,AW00000480,S,...,"2004-10-13 11:15:07"
481,7,AW00000481,S,...,"2004-10-13 11:15:07"
482,8,AW00000482,S,...,"2004-10-13 11:15:07"
483,9,AW00000483,S,...,"2004-10-13 11:15:07"
484,10,AW00000484,S,...,"2004-10-13 11:15:07"
485,5,AW00000485,S,...,"2004-10-13 11:15:07"
486,2,AW00000486,S,...,"2004-10-13 11:15:07"
487,1,AW00000487,S,...,"2004-10-13 11:15:07"
488,1,AW00000488,S,...,"2004-10-13 11:15:07"
489,4,AW00000489,S,...,"2004-10-13 11:15:07"
490,4,AW00000490,S,...,"2004-10-13 11:15:07"
491,4,AW00000491,S,...,"2004-10-13 11:15:07"
492,4,AW00000492,S,...,"2004-10-13 11:15:07"
493,4,AW00000493,S,...,"2004-10-13 11:15:07"
494,5,AW00000494,S,...,"2004-10-13 11:15:07"
495,5,AW00000495,S,...,"2004-10-13 11:15:07"
496,6,AW00000496,S,...,"2004-10-13 11:15:07"
497,6,AW00000497,S,...,"2004-10-13 11:15:07"
498,6,AW00000498,S,...,"2004-10-13 11:15:07"
499,7,AW00000499,S,...,"2004-10-13 11:15:07"
500,8,AW00000500,S,...,"2004-10-13 11:15:07"
501,9,AW00000501,S,...,"2004-10-13 11:15:07"
502,10,AW00000502,S,...,"2004-10-13 11:15:07"
503,2,AW00000503,S,...,"2004-10-13 11:15:07"
504,3,AW00000504,S,...,"2004-10-13 11:15:07"
505,1,AW00000505,S,...,"2004-10-13 11:15:07"
506,1,AW00000506,S,...,"2004-10-13 11:15:07"
507,4,AW00000507,S,...,"2004-10-13 11:15:07"
508,4,AW00000508,S,...,"2004-10-13 11:15:07"
509,4,AW00000509,S,...,"2004-10-13 11:15:07"
510,4,AW00000510,S,...,"2004-10-13 11:15:07"
511,4,AW00000511,S,...,"2004-10-13 11:15:07"
512,5,AW00000512,S,...,"2004-10-13 11:15:07"
513,5,AW00000513,S,...,"2004-10-13 11:15:07"
514,6,AW00000514,S,...,"2004-10-13 11:15:07"
515,6,AW00000515,S,...,"2004-10-13 11:15:07"
516,6,AW00000516,S,...,"2004-10-13 11:15:07"
517,7,AW00000517,S,...,"2004-10-13 11:15:07"
518,8,AW00000518,S,...,"2004-10-13 11:15:07"
519,9,AW00000519,S,...,"2004-10-13 11:15:07"
520,10,AW00000520,S,...,"2004-10-13 11:15:07"
521,2,AW00000521,S,...,"2004-10-13 11:15:07"
522,2,AW00000522,S,...,"2004-10-13 11:15:07"
523,3,AW00000523,S,...,"2004-10-13 11:15:07"
524,5,AW00000524,S,...,"2004-10-13 11:15:07"
525,5,AW00000525,S,...,"2004-10-13 11:15:07"
526,6,AW00000526,S,...,"2004-10-13 11:15:07"
527,3,AW00000527,S,...,"2004-10-13 11:15:07"
528,4,AW00000528,S,...,"2004-10-13 11:15:07"
529,4,AW00000529,S,...,"2004-10-13 11:15:07"
530,5,AW00000530,S,...,"2004-10-13 11:15:07"
531,5,AW00000531,S,...,"2004-10-13 11:15:07"
532,6,AW00000532,S,...,"2004-10-13 11:15:07"
533,6,AW00000533,S,...,"2004-10-13 11:15:07"
534,6,AW00000534,S,...,"2004-10-13 11:15:07"
535,7,AW00000535,S,...,"2004-10-13 11:15:07"
536,8,AW00000536,S,...,"2004-10-13 11:15:07"
537,9,AW00000537,S,...,"2004-10-13 11:15:07"
538,10,AW00000538,S,...,"2004-10-13 11:15:07"
539,2,AW00000539,S,...,"2004-10-13 11:15:07"
540,2,AW00000540,S,...,"2004-10-13 11:15:07"
541,1,AW00000541,S,...,"2004-10-13 11:15:07"
542,1,AW00000542,S,...,"2004-10-13 11:15:07"
543,3,AW00000543,S,...,"2004-10-13 11:15:07"
544,3,AW00000544,S,...,"2004-10-13 11:15:07"
545,4,AW00000545,S,...,"2004-10-13 11:15:07"
546,3,AW00000546,S,...,"2004-10-13 11:15:07"
547,4,AW00000547,S,...,"2004-10-13 11:15:07"
548,5,AW00000548,S,...,"2004-10-13 11:15:07"
549,5,AW00000549,S,...,"2004-10-13 11:15:07"
550,6,AW00000550,S,...,"2004-10-13 11:15:07"
551,6,AW00000551,S,...,"2004-10-13 11:15:07"
552,6,AW00000552,S,...,"2004-10-13 11:15:07"
553,7,AW00000553,S,...,"2004-10-13 11:15:07"
554,8,AW00000554,S,...,"2004-10-13 11:15:07"
555,9,AW00000555,S,...,"2004-10-13 11:15:07"
556,10,AW00000556,S,...,"2004-10-13 11:15:07"
557,2,AW00000557,S,...,"2004-10-13 11:15:07"
558,2,AW00000558,S,...,"2004-10-13 11:15:07"
559,1,AW00000559,S,...,"2004-10-13 11:15:07"
560,1,AW00000560,S,...,"2004-10-13 11:15:07"
561,4,AW00000561,S,...,"2004-10-13 11:15:07"
562,3,AW00000562,S,...,"2004-10-13 11:15:07"
563,4,AW00000563,S,...,"2004-10-13 11:15:07"
564,1,AW00000564,S,...,"2004-10-13 11:15:07"
565,4,AW00000565,S,...,"2004-10-13 11:15:07"
566,5,AW00000566,S,...,"2004-10-13 11:15:07"
567,5,AW00000567,S,...,"2004-10-13 11:15:07"
568,6,AW00000568,S,...,"2004-10-13 11:15:07"
569,6,AW00000569,S,...,"2004-10-13 11:15:07"
570,6,AW00000570,S,...,"2004-10-13 11:15:07"
571,7,AW00000571,S,...,"2004-10-13 11:15:07"
572,8,AW00000572,S,...,"2004-10-13 11:15:07"
573,9,AW00000573,S,...,"2004-10-13 11:15:07"
574,10,AW00000574,S,...,"2004-10-13 11:15:07"
575,2,AW00000575,S,...,"2004-10-13 11:15:07"
576,2,AW00000576,S,...,"2004-10-13 11:15:07"
577,1,AW00000577,S,...,"2004-10-13 11:15:07"
578,1,AW00000578,S,...,"2004-10-13 11:15:07"
579,3,AW00000579,S,...,"2004-10-13 11:15:07"
580,4,AW00000580,S,...,"2004-10-13 11:15:07"
581,4,AW00000581,S,...,"2004-10-13 11:15:07"
582,4,AW00000582,S,...,"2004-10-13 11:15:07"
583,4,AW00000583,S,...,"2004-10-13 11:15:07"
584,5,AW00000584,S,...,"2004-10-13 11:15:07"
585,5,AW00000585,S,...,"2004-10-13 11:15:07"
586,6,AW00000586,S,...,"2004-10-13 11:15:07"
587,6,AW00000587,S,...,"2004-10-13 11:15:07"
588,6,AW00000588,S,...,"2004-10-13 11:15:07"
589,7,AW00000589,S,...,"2004-10-13 11:15:07"
590,8,AW00000590,S,...,"2004-10-13 11:15:07"
591,9,AW00000591,S,...,"2004-10-13 11:15:07"
592,10,AW00000592,S,...,"2004-10-13 11:15:07"
593,2,AW00000593,S,...,"2004-10-13 11:15:07"
594,2,AW00000594,S,...,"2004-10-13 11:15:07"
595,1,AW00000595,S,...,"2004-10-13 11:15:07"
596,1,AW00000596,S,...,"2004-10-13 11:15:07"
597,4,AW00000597,S,...,"2004-10-13 11:15:07"
598,3,AW00000598,S,...,"2004-10-13 11:15:07"
599,4,AW00000599,S,...,"2004-10-13 11:15:07"
600,4,AW00000600,S,...,"2004-10-13 11:15:07"
601,1,AW00000601,S,...,"2004-10-13 11:15:07"
602,5,AW00000602,S,...,"2004-10-13 11:15:07"
603,5,AW00000603,S,...,"2004-10-13 11:15:07"
604,1,AW00000604,S,...,"2004-10-13 11:15:07"
605,1,AW00000605,S,...,"2004-10-13 11:15:07"
606,3,AW00000606,S,...,"2004-10-13 11:15:07"
607,4,AW00000607,S,...,"2004-10-13 11:15:07"
608,4,AW00000608,S,...,"2004-10-13 11:15:07"
609,4,AW00000609,S,...,"2004-10-13 11:15:07"
610,4,AW00000610,S,...,"2004-10-13 11:15:07"
611,5,AW00000611,S,...,"2004-10-13 11:15:07"
612,5,AW00000612,S,...,"2004-10-13 11:15:07"
613,6,AW00000613,S,...,"2004-10-13 11:15:07"
614,7,AW00000614,S,...,"2004-10-13 11:15:07"
615,8,AW00000615,S,...,"2004-10-13 11:15:07"
616,9,AW00000616,S,...,"2004-10-13 11:15:07"
617,10,AW00000617,S,...,"2004-10-13 11:15:07"
618,2,AW00000618,S,...,"2004-10-13 11:15:07"
619,2,AW00000619,S,...,"2004-10-13 11:15:07"
620,1,AW00000620,S,...,"2004-10-13 11:15:07"
621,1,AW00000621,S,...,"2004-10-13 11:15:07"
622,3,AW00000622,S,...,"2004-10-13 11:15:07"
623,3,AW00000623,S,...,"2004-10-13 11:15:07"
624,4,AW00000624,S,...,"2004-10-13 11:15:07"
625,4,AW00000625,S,...,"2004-10-13 11:15:07"
626,1,AW00000626,S,...,"2004-10-13 11:15:07"
627,5,AW00000627,S,...,"2004-10-13 11:15:07"
628,5,AW00000628,S,...,"2004-10-13 11:15:07"
629,6,AW00000629,S,...,"2004-10-13 11:15:07"
630,6,AW00000630,S,...,"2004-10-13 11:15:07"
631,6,AW00000631,S,...,"2004-10-13 11:15:07"
632,7,AW00000632,S,...,"2004-10-13 11:15:07"
633,8,AW00000633,S,...,"2004-10-13 11:15:07"
634,9,AW00000634,S,...,"2004-10-13 11:15:07"
635,10,AW00000635,S,...,"2004-10-13 11:15:07"
636,2,AW00000636,S,...,"2004-10-13 11:15:07"
637,6,AW00000637,S,...,"2004-10-13 11:15:07"
638,7,AW00000638,S,...,"2004-10-13 11:15:07"
639,8,AW00000639,S,...,"2004-10-13 11:15:07"
640,9,AW00000640,S,...,"2004-10-13 11:15:07"
641,10,AW00000641,S,...,"2004-10-13 11:15:07"
642,2,AW00000642,S,...,"2004-10-13 11:15:07"
643,3,AW00000643,S,...,"2004-10-13 11:15:07"
644,1,AW00000644,S,...,"2004-10-13 11:15:07"
645,1,AW00000645,S,...,"2004-10-13 11:15:07"
646,3,AW00000646,S,...,"2004-10-13 11:15:07"
647,4,AW00000647,S,...,"2004-10-13 11:15:07"
648,4,AW00000648,S,...,"2004-10-13 11:15:07"
649,4,AW00000649,S,...,"2004-10-13 11:15:07"
650,1,AW00000650,S,...,"2004-10-13 11:15:07"
651,5,AW00000651,S,...,"2004-10-13 11:15:07"
652,5,AW00000652,S,...,"2004-10-13 11:15:07"
653,6,AW00000653,S,...,"2004-10-13 11:15:07"
654,6,AW00000654,S,...,"2004-10-13 11:15:07"
655,6,AW00000655,S,...,"2004-10-13 11:15:07"
656,7,AW00000656,S,...,"2004-10-13 11:15:07"
657,8,AW00000657,S,...,"2004-10-13 11:15:07"
658,9,AW00000658,S,...,"2004-10-13 11:15:07"
659,10,AW00000659,S,...,"2004-10-13 11:15:07"
660,3,AW00000660,S,...,"2004-10-13 11:15:07"
661,6,AW00000661,S,...,"2004-10-13 11:15:07"
662,7,AW00000662,S,...,"2004-10-13 11:15:07"
663,8,AW00000663,S,...,"2004-10-13 11:15:07"
664,9,AW00000664,S,...,"2004-10-13 11:15:07"
665,10,AW00000665,S,...,"2004-10-13 11:15:07"
666,2,AW00000666,S,...,"2004-10-13 11:15:07"
667,2,AW00000667,S,...,"2004-10-13 11:15:07"
668,1,AW00000668,S,...,"2004-10-13 11:15:07"
669,1,AW00000669,S,...,"2004-10-13 11:15:07"
670,3,AW00000670,S,...,"2004-10-13 11:15:07"
671,4,AW00000671,S,...,"2004-10-13 11:15:07"
672,1,AW00000672,S,...,"2004-10-13 11:15:07"
673,1,AW00000673,S,...,"2004-10-13 11:15:07"
674,4,AW00000674,S,...,"2004-10-13 11:15:07"
675,5,AW00000675,S,...,"2004-10-13 11:15:07"
676,5,AW00000676,S,...,"2004-10-13 11:15:07"
677,6,AW00000677,S,...,"2004-10-13 11:15:07"
678,6,AW00000678,S,...,"2004-10-13 11:15:07"
679,6,AW00000679,S,...,"2004-10-13 11:15:07"
680,7,AW00000680,S,...,"2004-10-13 11:15:07"
681,8,AW00000681,S,...,"2004-10-13 11:15:07"
682,9,AW00000682,S,...,"2004-10-13 11:15:07"
683,10,AW00000683,S,...,"2004-10-13 11:15:07"
684,2,AW00000684,S,...,"2004-10-13 11:15:07"
685,6,AW00000685,S,...,"2004-10-13 11:15:07"
686,7,AW00000686,S,...,"2004-10-13 11:15:07"
687,8,AW00000687,S,...,"2004-10-13 11:15:07"
688,9,AW00000688,S,...,"2004-10-13 11:15:07"
689,10,AW00000689,S,...,"2004-10-13 11:15:07"
690,2,AW00000690,S,...,"2004-10-13 11:15:07"
691,2,AW00000691,S,...,"2004-10-13 11:15:07"
692,1,AW00000692,S,...,"2004-10-13 11:15:07"
693,1,AW00000693,S,...,"2004-10-13 11:15:07"
694,3,AW00000694,S,...,"2004-10-13 11:15:07"
695,3,AW00000695,S,...,"2004-10-13 11:15:07"
696,1,AW00000696,S,...,"2004-10-13 11:15:07"
697,1,AW00000697,S,...,"2004-10-13 11:15:07"
698,1,AW00000698,S,...,"2004-10-13 11:15:07"
699,5,AW00000699,S,...,"2004-10-13 11:15:07"
700,5,AW00000700,S,...,"2004-10-13 11:15:07"
701,6,AW00000701,S,...,"2004-10-13 11:15:07"
11000,9,AW00011000,I,...,"2004-10-13 11:15:07"
11001,9,AW00011001,I,...,"2004-10-13 11:15:07"
11002,9,AW00011002,I,...,"2004-10-13 11:15:07"
11003,9,AW00011003,I,...,"2004-10-13 11:15:07"
11004,9,AW00011004,I,...,"2004-10-13 11:15:07"
11005,9,AW00011005,I,...,"2004-10-13 11:15:07"
11006,9,AW00011006,I,...,"2004-10-13 11:15:07"
11007,9,AW00011007,I,...,"2004-10-13 11:15:07"
11008,9,AW00011008,I,...,"2004-10-13 11:15:07"
11009,9,AW00011009,I,...,"2004-10-13 11:15:07"
11010,9,AW00011010,I,...,"2004-10-13 11:15:07"
11011,9,AW00011011,I,...,"2004-10-13 11:15:07"
11012,1,AW00011012,I,...,"2004-10-13 11:15:07"
11013,1,AW00011013,I,...,"2004-10-13 11:15:07"
11014,1,AW00011014,I,...,"2004-10-13 11:15:07"
11015,4,AW00011015,I,...,"2004-10-13 11:15:07"
11016,4,AW00011016,I,...,"2004-10-13 11:15:07"
11017,9,AW00011017,I,...,"2004-10-13 11:15:07"
11018,9,AW00011018,I,...,"2004-10-13 11:15:07"
11019,6,AW00011019,I,...,"2004-10-13 11:15:07"
11020,6,AW00011020,I,...,"2004-10-13 11:15:07"
11021,1,AW00011021,I,...,"2004-10-13 11:15:07"
11022,1,AW00011022,I,...,"2004-10-13 11:15:07"
11023,4,AW00011023,I,...,"2004-10-13 11:15:07"
11024,4,AW00011024,I,...,"2004-10-13 11:15:07"
11025,9,AW00011025,I,...,"2004-10-13 11:15:07"
11026,9,AW00011026,I,...,"2004-10-13 11:15:07"
11027,9,AW00011027,I,...,"2004-10-13 11:15:07"
11028,9,AW00011028,I,...,"2004-10-13 11:15:07"
11029,9,AW00011029,I,...,"2004-10-13 11:15:07"
11030,9,AW00011030,I,...,"2004-10-13 11:15:07"
11031,9,AW00011031,I,...,"2004-10-13 11:15:07"
11032,9,AW00011032,I,...,"2004-10-13 11:15:07"
11033,9,AW00011033,I,...,"2004-10-13 11:15:07"
11034,9,AW00011034,I,...,"2004-10-13 11:15:07"
11035,9,AW00011035,I,...,"2004-10-13 11:15:07"
11036,4,AW00011036,I,...,"2004-10-13 11:15:07"
11037,6,AW00011037,I,...,"2004-10-13 11:15:07"
11038,9,AW00011038,I,...,"2004-10-13 11:15:07"
11039,9,AW00011039,I,...,"2004-10-13 11:15:07"
11040,1,AW00011040,I,...,"2004-10-13 11:15:07"
11041,4,AW00011041,I,...,"2004-10-13 11:15:07"
11042,4,AW00011042,I,...,"2004-10-13 11:15:07"
11043,4,AW00011043,I,...,"2004-10-13 11:15:07"
11044,9,AW00011044,I,...,"2004-10-13 11:15:07"
11045,9,AW00011045,I,...,"2004-10-13 11:15:07"
11046,9,AW00011046,I,...,"2004-10-13 11:15:07"
11047,9,AW00011047,I,...,"2004-10-13 11:15:07"
11048,9,AW00011048,I,...,"2004-10-13 11:15:07"
11049,4,AW00011049,I,...,"2004-10-13 11:15:07"
11050,9,AW00011050,I,...,"2004-10-13 11:15:07"
11051,9,AW00011051,I,...,"2004-10-13 11:15:07"
11052,9,AW00011052,I,...,"2004-10-13 11:15:07"
11053,4,AW00011053,I,...,"2004-10-13 11:15:07"
11054,9,AW00011054,I,...,"2004-10-13 11:15:07"
11055,9,AW00011055,I,...,"2004-10-13 11:15:07"
11056,9,AW00011056,I,...,"2004-10-13 11:15:07"
11057,9,AW00011057,I,...,"2004-10-13 11:15:07"
11058,9,AW00011058,I,...,"2004-10-13 11:15:07"
11059,9,AW00011059,I,...,"2004-10-13 11:15:07"
11060,9,AW00011060,I,...,"2004-10-13 11:15:07"
11061,9,AW00011061,I,...,"2004-10-13 11:15:07"
11062,1,AW00011062,I,...,"2004-10-13 11:15:07"
11063,1,AW00011063,I,...,"2004-10-13 11:15:07"
11064,4,AW00011064,I,...,"2004-10-13 11:15:07"
11065,4,AW00011065,I,...,"2004-10-13 11:15:07"
11066,1,AW00011066,I,...,"2004-10-13 11:15:07"
11067,1,AW00011067,I,...,"2004-10-13 11:15:07"
11068,9,AW00011068,I,...,"2004-10-13 11:15:07"
11069,9,AW00011069,I,...,"2004-10-13 11:15:07"
11070,9,AW00011070,I,...,"2004-10-13 11:15:07"
11071,9,AW00011071,I,...,"2004-10-13 11:15:07"
11072,9,AW00011072,I,...,"2004-10-13 11:15:07"
11073,9,AW00011073,I,...,"2004-10-13 11:15:07"
11074,9,AW00011074,I,...,"2004-10-13 11:15:07"
11075,9,AW00011075,I,...,"2004-10-13 11:15:07"
11076,9,AW00011076,I,...,"2004-10-13 11:15:07"
11077,9,AW00011077,I,...,"2004-10-13 11:15:07"
11078,6,AW00011078,I,...,"2004-10-13 11:15:07"
11079,9,AW00011079,I,...,"2004-10-13 11:15:07"
11080,9,AW00011080,I,...,"2004-10-13 11:15:07"
11081,4,AW00011081,I,...,"2004-10-13 11:15:07"
11082,4,AW00011082,I,...,"2004-10-13 11:15:07"
11083,4,AW00011083,I,...,"2004-10-13 11:15:07"
11084,1,AW00011084,I,...,"2004-10-13 11:15:07"
11085,4,AW00011085,I,...,"2004-10-13 11:15:07"
11086,4,AW00011086,I,...,"2004-10-13 11:15:07"
11087,4,AW00011087,I,...,"2004-10-13 11:15:07"
11088,4,AW00011088,I,...,"2004-10-13 11:15:07"
11089,4,AW00011089,I,...,"2004-10-13 11:15:07"
11090,4,AW00011090,I,...,"2004-10-13 11:15:07"
11091,6,AW00011091,I,...,"2004-10-13 11:15:07"
11092,9,AW00011092,I,...,"2004-10-13 11:15:07"
11093,9,AW00011093,I,...,"2004-10-13 11:15:07"
11094,9,AW00011094,I,...,"2004-10-13 11:15:07"
11095,9,AW00011095,I,...,"2004-10-13 11:15:07"
11096,9,AW00011096,I,...,"2004-10-13 11:15:07"
11097,9,AW00011097,I,...,"2004-10-13 11:15:07"
11098,9,AW00011098,I,...,"2004-10-13 11:15:07"
11099,9,AW00011099,I,...,"2004-10-13 11:15:07"
11100,9,AW00011100,I,...,"2004-10-13 11:15:07"
11101,9,AW00011101,I,...,"2004-10-13 11:15:07"
11102,9,AW00011102,I,...,"2004-10-13 11:15:07"
11103,9,AW00011103,I,...,"2004-10-13 11:15:07"
11104,9,AW00011104,I,...,"2004-10-13 11:15:07"
11105,9,AW00011105,I,...,"2004-10-13 11:15:07"
11106,9,AW00011106,I,...,"2004-10-13 11:15:07"
11107,9,AW00011107,I,...,"2004-10-13 11:15:07"
11108,9,AW00011108,I,...,"2004-10-13 11:15:07"
11109,9,AW00011109,I,...,"2004-10-13 11:15:07"
11110,9,AW00011110,I,...,"2004-10-13 11:15:07"
11111,9,AW00011111,I,...,"2004-10-13 11:15:07"
11112,9,AW00011112,I,...,"2004-10-13 11:15:07"
11113,9,AW00011113,I,...,"2004-10-13 11:15:07"
11114,9,AW00011114,I,...,"2004-10-13 11:15:07"
11115,9,AW00011115,I,...,"2004-10-13 11:15:07"
11116,9,AW00011116,I,...,"2004-10-13 11:15:07"
11117,9,AW00011117,I,...,"2004-10-13 11:15:07"
11118,9,AW00011118,I,...,"2004-10-13 11:15:07"
11119,9,AW00011119,I,...,"2004-10-13 11:15:07"
11120,9,AW00011120,I,...,"2004-10-13 11:15:07"
11121,9,AW00011121,I,...,"2004-10-13 11:15:07"
11122,9,AW00011122,I,...,"2004-10-13 11:15:07"
11123,9,AW00011123,I,...,"2004-10-13 11:15:07"
11124,9,AW00011124,I,...,"2004-10-13 11:15:07"
11125,9,AW00011125,I,...,"2004-10-13 11:15:07"
11126,9,AW00011126,I,...,"2004-10-13 11:15:07"
11127,4,AW00011127,I,...,"2004-10-13 11:15:07"
11128,1,AW00011128,I,...,"2004-10-13 11:15:07"
11129,1,AW00011129,I,...,"2004-10-13 11:15:07"
11130,1,AW00011130,I,...,"2004-10-13 11:15:07"
11131,6,AW00011131,I,...,"2004-10-13 11:15:07"
11132,6,AW00011132,I,...,"2004-10-13 11:15:07"
11133,1,AW00011133,I,...,"2004-10-13 11:15:07"
11134,9,AW00011134,I,...,"2004-10-13 11:15:07"
11135,4,AW00011135,I,...,"2004-10-13 11:15:07"
11136,6,AW00011136,I,...,"2004-10-13 11:15:07"
11137,1,AW00011137,I,...,"2004-10-13 11:15:07"
11138,4,AW00011138,I,...,"2004-10-13 11:15:07"
11139,9,AW00011139,I,...,"2004-10-13 11:15:07"
11140,4,AW00011140,I,...,"2004-10-13 11:15:07"
11141,4,AW00011141,I,...,"2004-10-13 11:15:07"
11142,6,AW00011142,I,...,"2004-10-13 11:15:07"
11143,4,AW00011143,I,...,"2004-10-13 11:15:07"
11144,1,AW00011144,I,...,"2004-10-13 11:15:07"
11145,1,AW00011145,I,...,"2004-10-13 11:15:07"
11146,9,AW00011146,I,...,"2004-10-13 11:15:07"
11147,9,AW00011147,I,...,"2004-10-13 11:15:07"
11148,9,AW00011148,I,...,"2004-10-13 11:15:07"
11149,9,AW00011149,I,...,"2004-10-13 11:15:07"
11150,9,AW00011150,I,...,"2004-10-13 11:15:07"
11151,9,AW00011151,I,...,"2004-10-13 11:15:07"
11152,1,AW00011152,I,...,"2004-10-13 11:15:07"
11153,1,AW00011153,I,...,"2004-10-13 11:15:07"
11154,1,AW00011154,I,...,"2004-10-13 11:15:07"
11155,4,AW00011155,I,...,"2004-10-13 11:15:07"
11156,4,AW00011156,I,...,"2004-10-13 11:15:07"
11157,1,AW00011157,I,...,"2004-10-13 11:15:07"
11158,4,AW00011158,I,...,"2004-10-13 11:15:07"
11159,4,AW00011159,I,...,"2004-10-13 11:15:07"
11160,4,AW00011160,I,...,"2004-10-13 11:15:07"
11161,4,AW00011161,I,...,"2004-10-13 11:15:07"
11162,4,AW00011162,I,...,"2004-10-13 11:15:07"
11163,4,AW00011163,I,...,"2004-10-13 11:15:07"
11164,4,AW00011164,I,...,"2004-10-13 11:15:07"
11165,4,AW00011165,I,...,"2004-10-13 11:15:07"
11166,1,AW00011166,I,...,"2004-10-13 11:15:07"
11167,1,AW00011167,I,...,"2004-10-13 11:15:07"
11168,4,AW00011168,I,...,"2004-10-13 11:15:07"
11169,4,AW00011169,I,...,"2004-10-13 11:15:07"
11170,1,AW00011170,I,...,"2004-10-13 11:15:07"
11171,4,AW00011171,I,...,"2004-10-13 11:15:07"
11172,1,AW00011172,I,...,"2004-10-13 11:15:07"
11173,1,AW00011173,I,...,"2004-10-13 11:15:07"
11174,4,AW00011174,I,...,"2004-10-13 11:15:07"
11175,4,AW00011175,I,...,"2004-10-13 11:15:07"
11176,6,AW00011176,I,...,"2004-10-13 11:15:07"
11177,4,AW00011177,I,...,"2004-10-13 11:15:07"
11178,4,AW00011178,I,...,"2004-10-13 11:15:07"
11179,4,AW00011179,I,...,"2004-10-13 11:15:07"
11180,4,AW00011180,I,...,"2004-10-13 11:15:07"
11181,4,AW00011181,I,...,"2004-10-13 11:15:07"
11182,1,AW00011182,I,...,"2004-10-13 11:15:07"
11183,4,AW00011183,I,...,"2004-10-13 11:15:07"
11184,4,AW00011184,I,...,"2004-10-13 11:15:07"
11185,6,AW00011185,I,...,"2004-10-13 11:15:07"
11186,4,AW00011186,I,...,"2004-10-13 11:15:07"
11187,1,AW00011187,I,...,"2004-10-13 11:15:07"
11188,4,AW00011188,I,...,"2004-10-13 11:15:07"
11189,1,AW00011189,I,...,"2004-10-13 11:15:07"
11190,4,AW00011190,I,...,"2004-10-13 11:15:07"
11191,4,AW00011191,I,...,"2004-10-13 11:15:07"
11192,1,AW00011192,I,...,"2004-10-13 11:15:07"
11193,1,AW00011193,I,...,"2004-10-13 11:15:07"
11194,4,AW00011194,I,...,"2004-10-13 11:15:07"
11195,1,AW00011195,I,...,"2004-10-13 11:15:07"
11196,1,AW00011196,I,...,"2004-10-13 11:15:07"
11197,1,AW00011197,I,...,"2004-10-13 11:15:07"
11198,4,AW00011198,I,...,"2004-10-13 11:15:07"
11199,4,AW00011199,I,...,"2004-10-13 11:15:07"
11200,6,AW00011200,I,...,"2004-10-13 11:15:07"
11201,4,AW00011201,I,...,"2004-10-13 11:15:07"
11202,4,AW00011202,I,...,"2004-10-13 11:15:07"
11203,6,AW00011203,I,...,"2004-10-13 11:15:07"
11204,1,AW00011204,I,...,"2004-10-13 11:15:07"
11205,1,AW00011205,I,...,"2004-10-13 11:15:07"
11206,1,AW00011206,I,...,"2004-10-13 11:15:07"
11207,1,AW00011207,I,...,"2004-10-13 11:15:07"
11208,4,AW00011208,I,...,"2004-10-13 11:15:07"
11209,4,AW00011209,I,...,"2004-10-13 11:15:07"
11210,4,AW00011210,I,...,"2004-10-13 11:15:07"
11211,6,AW00011211,I,...,"2004-10-13 11:15:07"
11212,6,AW00011212,I,...,"2004-10-13 11:15:07"
11213,1,AW00011213,I,...,"2004-10-13 11:15:07"
11214,1,AW00011214,I,...,"2004-10-13 11:15:07"
11215,6,AW00011215,I,...,"2004-10-13 11:15:07"
11216,1,AW00011216,I,...,"2004-10-13 11:15:07"
11217,1,AW00011217,I,...,"2004-10-13 11:15:07"
11218,1,AW00011218,I,...,"2004-10-13 11:15:07"
11219,1,AW00011219,I,...,"2004-10-13 11:15:07"
11220,4,AW00011220,I,...,"2004-10-13 11:15:07"
11221,4,AW00011221,I,...,"2004-10-13 11:15:07"
11222,4,AW00011222,I,...,"2004-10-13 11:15:07"
11223,6,AW00011223,I,...,"2004-10-13 11:15:07"
11224,1,AW00011224,I,...,"2004-10-13 11:15:07"
11225,1,AW00011225,I,...,"2004-10-13 11:15:07"
11226,1,AW00011226,I,...,"2004-10-13 11:15:07"
11227,4,AW00011227,I,...,"2004-10-13 11:15:07"
11228,4,AW00011228,I,...,"2004-10-13 11:15:07"
11229,4,AW00011229,I,...,"2004-10-13 11:15:07"
11230,4,AW00011230,I,...,"2004-10-13 11:15:07"
11231,1,AW00011231,I,...,"2004-10-13 11:15:07"
11232,1,AW00011232,I,...,"2004-10-13 11:15:07"
11233,4,AW00011233,I,...,"2004-10-13 11:15:07"
11234,4,AW00011234,I,...,"2004-10-13 11:15:07"
11235,1,AW00011235,I,...,"2004-10-13 11:15:07"
11236,1,AW00011236,I,...,"2004-10-13 11:15:07"
11237,8,AW00011237,I,...,"2004-10-13 11:15:07"
11238,10,AW00011238,I,...,"2004-10-13 11:15:07"
11239,10,AW00011239,I,...,"2004-10-13 11:15:07"
11240,10,AW00011240,I,...,"2004-10-13 11:15:07"
11241,7,AW00011241,I,...,"2004-10-13 11:15:07"
11242,7,AW00011242,I,...,"2004-10-13 11:15:07"
11243,10,AW00011243,I,...,"2004-10-13 11:15:07"
11244,10,AW00011244,I,...,"2004-10-13 11:15:07"
11245,8,AW00011245,I,...,"2004-10-13 11:15:07"
11246,8,AW00011246,I,...,"2004-10-13 11:15:07"
11247,10,AW00011247,I,...,"2004-10-13 11:15:07"
11248,7,AW00011248,I,...,"2004-10-13 11:15:07"
11249,8,AW00011249,I,...,"2004-10-13 11:15:07"
11250,10,AW00011250,I,...,"2004-10-13 11:15:07"
11251,6,AW00011251,I,...,"2004-10-13 11:15:07"
11252,4,AW00011252,I,...,"2004-10-13 11:15:07"
11253,6,AW00011253,I,...,"2004-10-13 11:15:07"
11254,1,AW00011254,I,...,"2004-10-13 11:15:07"
11255,1,AW00011255,I,...,"2004-10-13 11:15:07"
11256,1,AW00011256,I,...,"2004-10-13 11:15:07"
11257,4,AW00011257,I,...,"2004-10-13 11:15:07"
11258,4,AW00011258,I,...,"2004-10-13 11:15:07"
11259,1,AW00011259,I,...,"2004-10-13 11:15:07"
11260,4,AW00011260,I,...,"2004-10-13 11:15:07"
11261,4,AW00011261,I,...,"2004-10-13 11:15:07"
11262,6,AW00011262,I,...,"2004-10-13 11:15:07"
11263,1,AW00011263,I,...,"2004-10-13 11:15:07"
11264,1,AW00011264,I,...,"2004-10-13 11:15:07"
11265,1,AW00011265,I,...,"2004-10-13 11:15:07"
11266,1,AW00011266,I,...,"2004-10-13 11:15:07"
11267,4,AW00011267,I,...,"2004-10-13 11:15:07"
11268,4,AW00011268,I,...,"2004-10-13 11:15:07"
11269,4,AW00011269,I,...,"2004-10-13 11:15:07"
11270,4,AW00011270,I,...,"2004-10-13 11:15:07"
11271,4,AW00011271,I,...,"2004-10-13 11:15:07"
11272,4,AW00011272,I,...,"2004-10-13 11:15:07"
11273,4,AW00011273,I,...,"2004-10-13 11:15:07"
11274,1,AW00011274,I,...,"2004-10-13 11:15:07"
11275,4,AW00011275,I,...,"2004-10-13 11:15:07"
11276,6,AW00011276,I,...,"2004-10-13 11:15:07"
11277,6,AW00011277,I,...,"2004-10-13 11:15:07"
11278,1,AW00011278,I,...,"2004-10-13 11:15:07"
11279,1,AW00011279,I,...,"2004-10-13 11:15:07"
11280,1,AW00011280,I,...,"2004-10-13 11:15:07"
11281,4,AW00011281,I,...,"2004-10-13 11:15:07"
11282,1,AW00011282,I,...,"2004-10-13 11:15:07"
11283,4,AW00011283,I,...,"2004-10-13 11:15:07"
11284,4,AW00011284,I,...,"2004-10-13 11:15:07"
11285,4,AW00011285,I,...,"2004-10-13 11:15:07"
11286,4,AW00011286,I,...,"2004-10-13 11:15:07"
11287,6,AW00011287,I,...,"2004-10-13 11:15:07"
11288,4,AW00011288,I,...,"2004-10-13 11:15:07"
11289,4,AW00011289,I,...,"2004-10-13 11:15:07"
11290,4,AW00011290,I,...,"2004-10-13 11:15:07"
11291,4,AW00011291,I,...,"2004-10-13 11:15:07"
11292,4,AW00011292,I,...,"2004-10-13 11:15:07"
11293,1,AW00011293,I,...,"2004-10-13 11:15:07"
11294,1,AW00011294,I,...,"2004-10-13 11:15:07"
11295,4,AW00011295,I,...,"2004-10-13 11:15:07"
11296,1,AW00011296,I,...,"2004-10-13 11:15:07"
11297,4,AW00011297,I,...,"2004-10-13 11:15:07"
11298,4,AW00011298,I,...,"2004-10-13 11:15:07"
